{
 "schema_version": 1,
 "chinchilla_step": 3300,
 "epoch_step": 19375,
 "runs": [
  {
   "label": "shuf1k",
   "full": "train-full-v3-200M-bs128-emd-do-8k-tpu16-shuf1k",
   "splits": {
    "val": {
     "steps": [
      1000,
      2000,
      3000,
      4000,
      5000,
      6000,
      7000
     ],
     "nmae": [
      0.03479203516617417,
      0.03136285731568932,
      0.031558821387588976,
      0.028015069332905113,
      0.021370392439421265,
      0.02046850881073624,
      0.02222268658922985
     ],
     "nemd": [
      null,
      null,
      null,
      null,
      null,
      null,
      null
     ],
     "nmae_p99": [
      0.1368916167318819,
      0.11889900542795649,
      0.09674221955239772,
      0.07902747228741636,
      0.06557073280215231,
      0.06696897901594637,
      0.06810858465731144
     ]
    },
    "train": {
     "steps": [
      1000,
      2000,
      3000,
      4000,
      5000,
      6000,
      7000
     ],
     "nmae": [
      0.032110620220191774,
      0.02924155494198203,
      0.030336609575897455,
      0.027136470729019493,
      0.02085676690330729,
      0.0205843358207494,
      0.02212574249599129
     ],
     "nemd": [
      null,
      null,
      null,
      null,
      null,
      null,
      null
     ],
     "nmae_p99": [
      0.07402976728975773,
      0.06279193095862863,
      0.0736944984644651,
      0.0629054236412048,
      0.06469655178487287,
      0.06017129309475417,
      0.05757747396826738
     ]
    }
   }
  },
  {
   "label": "cont7k",
   "full": "train-full-v3-200M-bs128-emd-do-8k-tpu16-shuf1k-cont7k",
   "splits": {
    "val": {
     "steps": [
      7999
     ],
     "nmae": [
      0.02272118874359876
     ],
     "nemd": [
      null
     ],
     "nmae_p99": [
      0.07280691906809798
     ]
    },
    "train": {
     "steps": [
      7999
     ],
     "nmae": [
      0.022812503536697476
     ],
     "nemd": [
      null
     ],
     "nmae_p99": [
      0.061300231739878655
     ]
    }
   }
  },
  {
   "label": "cont7k-ext",
   "full": "train-full-v3-200M-bs128-emd-do-8k-tpu16-shuf1k-cont7k-ext",
   "splits": {
    "val": {
     "steps": [
      7999,
      8000,
      9000,
      10000,
      11000,
      12000,
      13000,
      14000,
      15000,
      16000,
      17000,
      17999,
      18000,
      19000,
      20000,
      21000,
      22000
     ],
     "nmae": [
      0.02272118874359876,
      0.022356060282327235,
      0.02333101602271199,
      0.024984728146810086,
      0.023227470507845283,
      0.023745628588367252,
      0.023111711777746676,
      0.024428512640297412,
      0.020606776929926126,
      0.02389313771156594,
      0.02139976352453232,
      0.020160430842079222,
      0.019742895246017723,
      0.01739662476349622,
      0.01678359332960099,
      0.018602091027423738,
      0.017300149383954702
     ],
     "nemd": [
      0.028222180884331465,
      0.028203861257061362,
      0.026789770824834705,
      0.02906693779397756,
      0.027259330600500106,
      0.02689531176816672,
      0.02606133752502501,
      0.02654441528953612,
      0.02230919579975307,
      0.026458197236061097,
      0.023446794801857324,
      0.021385530673433094,
      0.02101975239580497,
      0.018440485300961883,
      0.017564609795808792,
      0.019766355759929865,
      0.017970263534225525
     ],
     "nmae_p99": [
      0.07280691906809798,
      0.07193649835884562,
      0.07077746629714954,
      0.0737180548161268,
      0.06723941698670385,
      0.07106791876256463,
      0.06805660255253315,
      0.07022383235394955,
      0.06035205576568842,
      0.06999262206256389,
      0.06092724334448572,
      0.05683680243790146,
      0.05520531982183452,
      0.054374755732715115,
      0.05552436001598832,
      0.052668737880885566,
      0.050641693286597726
     ]
    },
    "train": {
     "steps": [
      7999,
      8000,
      9000,
      10000,
      11000,
      12000,
      13000,
      14000,
      15000,
      16000,
      17000,
      17999,
      18000,
      19000,
      20000,
      21000
     ],
     "nmae": [
      0.022812503536697476,
      0.022453822195529938,
      0.024413741359021513,
      0.0264117817254737,
      0.025158834166359157,
      0.02570945373736322,
      0.024920504023320973,
      0.026485354935284703,
      0.0223887174599804,
      0.026698412329424173,
      0.023407237532082945,
      0.02152182314079255,
      0.021102253776043654,
      0.018725525960326193,
      0.018305542648304255,
      0.019361844044178723
     ],
     "nemd": [
      0.028184782383032143,
      0.0282119934912771,
      0.027963146513793617,
      0.03045289372559637,
      0.029488642106298358,
      0.02874927701195702,
      0.027668367992155253,
      0.02847441243007779,
      0.023675337035674603,
      0.02870849346043542,
      0.025422319078352303,
      0.02276660415576771,
      0.022419704212807118,
      0.019712907318025826,
      0.01911028942093253,
      0.020357666192576288
     ],
     "nmae_p99": [
      0.061300231739878655,
      0.06118612486869094,
      0.06392073184251776,
      0.0666343538463114,
      0.05937018264085054,
      0.06328594960272307,
      0.06297549083828925,
      0.059876663796603675,
      0.05696312393993136,
      0.06343499213457107,
      0.05895043592900037,
      0.05298880327492951,
      0.05252873048186302,
      0.0489564475044608,
      0.049444665759801804,
      0.046084366813302
     ]
    }
   }
  },
  {
   "label": "cont6kwsd",
   "full": "train-full-v3-200M-bs128-emd-do-8k-tpu16-shuf1k-cont6kwsd",
   "splits": {
    "val": {
     "steps": [
      6000,
      7000,
      7999
     ],
     "nmae": [
      0.02046850881073624,
      0.023109652751591058,
      0.028793488116934895
     ],
     "nemd": [
      0.033094509444199505,
      null,
      0.0363258217042312
     ],
     "nmae_p99": [
      0.06696897901594637,
      0.06375310190021989,
      0.07612844072282297
     ]
    },
    "train": {
     "steps": [
      6000,
      7000,
      7999
     ],
     "nmae": [
      0.0205843358207494,
      0.022895361487753688,
      0.02911420027259737
     ],
     "nemd": [
      0.03209686318412423,
      null,
      0.03649778444785625
     ],
     "nmae_p99": [
      0.06017129309475417,
      0.05940052814781664,
      0.07048322662711137
     ]
    }
   }
  },
  {
   "label": "cont8kwsd",
   "full": "train-full-v3-200M-bs128-emd-do-8k-tpu16-shuf1k-cont8kwsd",
   "splits": {
    "val": {
     "steps": [
      7999,
      8000,
      9000,
      9286,
      9999
     ],
     "nmae": [
      0.02272118874359876,
      0.022356060282327235,
      0.02333101602271199,
      0.023166931814048438,
      0.026939134430140257
     ],
     "nemd": [
      null,
      null,
      null,
      null,
      0.0319133266992867
     ],
     "nmae_p99": [
      0.07280691906809798,
      0.07193649835884562,
      0.07077746629714954,
      0.06574459061026569,
      0.07738380953669544
     ]
    },
    "train": {
     "steps": [
      7999,
      8000,
      9000,
      9286,
      9999
     ],
     "nmae": [
      0.022812503536697476,
      0.022453822195529938,
      0.024413741359021513,
      0.023838417176157235,
      0.028151702496688812
     ],
     "nemd": [
      null,
      null,
      null,
      null,
      0.03307666729670018
     ],
     "nmae_p99": [
      0.061300231739878655,
      0.06118612486869094,
      0.06392073184251776,
      0.05660256575793023,
      0.06555252887308594
     ]
    }
   }
  }
 ]
}